Tipo, Entidad, Porcentaje PIB Nacional, Num. Rankin PIB, Porcentaje población Nacional, Num. Rankin población, Riesgos asegurados, Porcentaje del total nacional de riesgos asegurados, Num. Rankin nacional riesgos asegurados, Reclamaciones, Porcentaje de riesgos asegurados reclamados, Num. Rankin nacional porcentaje de riesgos asegurados reclamados
ACCIDENTES PERSONALES,Querétaro,2.45,16,1.95,20,636388,1.03,16,5087,0.79936,1
ACCIDENTES PERSONALES,Baja California,3.88,7,2.91,12,1102875,1.78,7,7871,0.71368,2
ACCIDENTES PERSONALES,San Luis Potosí,2.47,15,2.22,19,464003,0.75,20,3203,0.6903,3
ACCIDENTES PERSONALES,Nayarit,0.68,30,0.96,29,172238,0.28,29,1030,0.59801,4
ACCIDENTES PERSONALES,Michoacán,2.76,13,3.81,9,566041,0.91,18,3232,0.57098,5
ACCIDENTES PERSONALES,Jalisco,7.43,4,6.7,3,1823518,2.94,4,10058,0.55157,6
ACCIDENTES PERSONALES,Sinaloa,2.19,17,2.38,17,818112,1.32,13,4478,0.54736,7
ACCIDENTES PERSONALES,Yucatán,1.59,21,1.82,22,489439,0.79,19,2652,0.54184,8
ACCIDENTES PERSONALES,Puebla,3.42,11,5.07,5,1023539,1.65,11,5536,0.54087,9
ACCIDENTES PERSONALES,Aguascalientes,1.33,24,1.16,27,280338,0.45,25,1480,0.52793,10
ACCIDENTES PERSONALES,Quintana Roo,1.56,22,1.47,24,1083899,1.75,9,5651,0.52136,11
ACCIDENTES PERSONALES,Coahuila,3.83,8,2.57,15,859601,1.39,12,4016,0.46719,12
ACCIDENTES PERSONALES,Morelos,1.05,27,1.53,23,375773,0.61,22,1727,0.45959,13
ACCIDENTES PERSONALES,Guanajuato,4.59,5,4.88,6,1099724,1.77,8,4915,0.44693,14
ACCIDENTES PERSONALES,Estado de México,8.98,2,13.61,1,3590483,5.79,3,14995,0.41763,15
ACCIDENTES PERSONALES,Baja California Sur,0.73,29,0.67,31,174813,0.28,28,581,0.33236,16
ACCIDENTES PERSONALES,Tlaxcala,0.59,32,1.14,28,166980,0.27,30,549,0.32878,17
ACCIDENTES PERSONALES,Tamaulipas,2.92,12,2.74,14,776931,1.25,14,2411,0.31032,18
ACCIDENTES PERSONALES,Oaxaca,1.79,18,3.31,10,384722,0.62,21,1149,0.29866,19
ACCIDENTES PERSONALES,Hidalgo,1.76,19,2.5,16,571928,0.92,17,1654,0.2892,20
ACCIDENTES PERSONALES,Colima,0.63,31,0.57,32,149659,0.24,31,406,0.27128,21
ACCIDENTES PERSONALES,Durango,1.28,25,1.46,25,276416,0.45,26,733,0.26518,22
ACCIDENTES PERSONALES,Sonora,3.52,10,2.35,18,1347339,2.17,5,3230,0.23973,23
ACCIDENTES PERSONALES,Campeche,1.69,20,0.73,30,116966,0.19,32,257,0.21972,24
ACCIDENTES PERSONALES,Tabasco,2.49,14,1.94,21,373368,0.6,23,762,0.20409,25
ACCIDENTES PERSONALES,Chihuahua,3.8,9,2.96,11,1043750,1.68,10,2062,0.19756,26
ACCIDENTES PERSONALES,Zacatecas,0.93,28,1.28,26,181885,0.29,27,353,0.19408,27
ACCIDENTES PERSONALES,Veracruz,4.23,6,6.23,4,1123894,1.81,6,1739,0.15473,28
ACCIDENTES PERSONALES,Nuevo León,7.98,3,4.72,7,6855451,11.05,2,8694,0.12682,29
ACCIDENTES PERSONALES,Ciudad de México,14.64,1,7.18,2,33055593,53.26,1,37984,0.11491,30
ACCIDENTES PERSONALES,Chiapas,1.52,23,4.46,8,345490,0.56,24,381,0.11028,31
ACCIDENTES PERSONALES,Guerrero,1.28,25,2.77,13,728109,1.17,15,680,0.09339,32
AGRÍCOLA,Nuevo León,7.98,3,4.72,7,55,0.78,23,1119,2034.54545,1
AGRÍCOLA,Yucatán,1.59,21,1.82,22,1,0.01,32,11,1100,2
AGRÍCOLA,Nayarit,0.68,30,0.96,29,50,0.71,27,376,752,3
AGRÍCOLA,Sonora,3.52,10,2.35,18,145,2.06,14,770,531.03448,4
AGRÍCOLA,San Luis Potosí,2.47,15,2.22,19,194,2.76,11,762,392.78351,5
AGRÍCOLA,Quintana Roo,1.56,22,1.47,24,54,0.77,24,77,142.59259,6
AGRÍCOLA,Sinaloa,2.19,17,2.38,17,1480,21.03,1,1576,106.48649,7
AGRÍCOLA,Guanajuato,4.59,5,4.88,6,528,7.5,4,520,98.48485,8
AGRÍCOLA,Tamaulipas,2.92,12,2.74,14,763,10.84,2,746,97.77195,9
AGRÍCOLA,Querétaro,2.45,16,1.95,20,113,1.61,17,87,76.99115,10
AGRÍCOLA,Campeche,1.69,20,0.73,30,54,0.77,24,32,59.25926,11
AGRÍCOLA,Baja California Sur,0.73,29,0.67,31,19,0.27,30,11,57.89474,12
AGRÍCOLA,Puebla,3.42,11,5.07,5,44,0.63,28,24,54.54545,13
AGRÍCOLA,Ciudad de México,14.64,1,7.18,2,148,2.1,13,75,50.67568,14
AGRÍCOLA,Baja California,3.88,7,2.91,12,170,2.42,12,83,48.82353,15
AGRÍCOLA,Veracruz,4.23,6,6.23,4,419,5.96,6,170,40.57279,16
AGRÍCOLA,Coahuila,3.83,8,2.57,15,86,1.22,19,25,29.06977,17
AGRÍCOLA,Estado de México,8.98,2,13.61,1,15,0.21,31,4,26.66667,18
AGRÍCOLA,Jalisco,7.43,4,6.7,3,632,8.98,3,166,26.26582,19
AGRÍCOLA,Oaxaca,1.79,18,3.31,10,233,3.31,8,58,24.8927,20
AGRÍCOLA,Michoacán,2.76,13,3.81,9,477,6.78,5,92,19.28721,21
AGRÍCOLA,Durango,1.28,25,1.46,25,98,1.39,18,14,14.28571,22
AGRÍCOLA,Chihuahua,3.8,9,2.96,11,293,4.16,7,20,6.82594,23
AGRÍCOLA,Zacatecas,0.93,28,1.28,26,70,0.99,21,4,5.71429,24
AGRÍCOLA,Chiapas,1.52,23,4.46,8,127,1.81,15,6,4.72441,25
AGRÍCOLA,Morelos,1.05,27,1.53,23,26,0.37,29,1,3.84615,26
AGRÍCOLA,Tabasco,2.49,14,1.94,21,54,0.77,24,2,3.7037,27
AGRÍCOLA,Tlaxcala,0.59,32,1.14,28,213,3.03,10,2,0.93897,28
AGRÍCOLA,Colima,0.63,31,0.57,32,221,3.14,9,1,0.45249,29
AGRÍCOLA,Hidalgo,1.76,19,2.5,16,116,1.65,16,0,0,30
AGRÍCOLA,Guerrero,1.28,25,2.77,13,63,0.9,22,0,0,30
AGRÍCOLA,Aguascalientes,1.33,24,1.16,27,75,1.07,20,0,0,30
AUTOMÓVILES,Guerrero,1.28,25,2.77,13,118513,0.55,30,27910,23.55016,1
AUTOMÓVILES,Jalisco,7.43,4,6.7,3,1763109,8.15,4,364003,20.64552,2
AUTOMÓVILES,Estado de México,8.98,2,13.61,1,1955213,9.03,3,376811,19.27212,3
AUTOMÓVILES,Hidalgo,1.76,19,2.5,16,282037,1.3,21,53403,18.93475,4
AUTOMÓVILES,Querétaro,2.45,16,1.95,20,904331,4.18,8,171172,18.92803,5
AUTOMÓVILES,San Luis Potosí,2.47,15,2.22,19,325862,1.51,19,57787,17.73358,6
AUTOMÓVILES,Nuevo León,7.98,3,4.72,7,2225292,10.28,2,392082,17.61935,7
AUTOMÓVILES,Sinaloa,2.19,17,2.38,17,534099,2.47,11,93186,17.44733,8
AUTOMÓVILES,Quintana Roo,1.56,22,1.47,24,337746,1.56,18,57404,16.9962,9
AUTOMÓVILES,Tabasco,2.49,14,1.94,21,252943,1.17,22,41922,16.57369,10
AUTOMÓVILES,Colima,0.63,31,0.57,32,145407,0.67,29,23025,15.83486,11
AUTOMÓVILES,Coahuila,3.83,8,2.57,15,531074,2.45,13,82427,15.52081,12
AUTOMÓVILES,Ciudad de México,14.64,1,7.18,2,3766290,17.4,1,550451,14.6152,13
AUTOMÓVILES,Nayarit,0.68,30,0.96,29,150668,0.7,27,21984,14.59102,14
AUTOMÓVILES,Veracruz,4.23,6,6.23,4,689668,3.19,10,99709,14.45754,15
AUTOMÓVILES,Guanajuato,4.59,5,4.88,6,749546,3.46,9,106026,14.14536,16
AUTOMÓVILES,Chiapas,1.52,23,4.46,8,221853,1.03,23,31135,14.03407,17
AUTOMÓVILES,Aguascalientes,1.33,24,1.16,27,311454,1.44,20,41140,13.20901,18
AUTOMÓVILES,Morelos,1.05,27,1.53,23,363030,1.68,17,47201,13.00196,19
AUTOMÓVILES,Michoacán,2.76,13,3.81,9,417148,1.93,16,54027,12.95152,20
AUTOMÓVILES,Oaxaca,1.79,18,3.31,10,184891,0.85,25,23823,12.88489,21
AUTOMÓVILES,Sonora,3.52,10,2.35,18,508802,2.35,14,65384,12.85058,22
AUTOMÓVILES,Baja California Sur,0.73,29,0.67,31,151377,0.7,26,19193,12.67894,23
AUTOMÓVILES,Tlaxcala,0.59,32,1.14,28,102671,0.47,32,12937,12.60044,24
AUTOMÓVILES,Chihuahua,3.8,9,2.96,11,945219,4.37,7,118887,12.57772,25
AUTOMÓVILES,Yucatán,1.59,21,1.82,22,532965,2.46,12,66694,12.51377,26
AUTOMÓVILES,Tamaulipas,2.92,12,2.74,14,476883,2.2,15,59525,12.4821,27
AUTOMÓVILES,Campeche,1.69,20,0.73,30,111784,0.52,31,13790,12.33629,28
AUTOMÓVILES,Durango,1.28,25,1.46,25,197367,0.91,24,21640,10.96435,29
AUTOMÓVILES,Baja California,3.88,7,2.91,12,1124954,5.2,5,99143,8.81307,30
AUTOMÓVILES,Puebla,3.42,11,5.07,5,1112833,5.14,6,96460,8.66797,31
AUTOMÓVILES,Zacatecas,0.93,28,1.28,26,148510,0.69,28,12041,8.10787,32
CASCOS AERONAVES,Guerrero,1.28,25,2.77,13,45,1.15,13,12,26.66667,1
CASCOS AERONAVES,Sinaloa,2.19,17,2.38,17,82,2.09,10,20,24.39024,2
CASCOS AERONAVES,Nuevo León,7.98,3,4.72,7,147,3.74,4,32,21.76871,3
CASCOS AERONAVES,Baja California Sur,0.73,29,0.67,31,66,1.68,12,14,21.21212,4
CASCOS AERONAVES,Coahuila,3.83,8,2.57,15,27,0.69,20,3,11.11111,5
CASCOS AERONAVES,Yucatán,1.59,21,1.82,22,29,0.74,19,3,10.34483,6
CASCOS AERONAVES,Tabasco,2.49,14,1.94,21,13,0.33,25,1,7.69231,7
CASCOS AERONAVES,Chiapas,1.52,23,4.46,8,14,0.36,24,1,7.14286,8
CASCOS AERONAVES,Jalisco,7.43,4,6.7,3,118,3,6,8,6.77966,9
CASCOS AERONAVES,Guanajuato,4.59,5,4.88,6,38,0.97,14,2,5.26316,10
CASCOS AERONAVES,Estado de México,8.98,2,13.61,1,194,4.94,3,10,5.15464,11
CASCOS AERONAVES,Ciudad de México,14.64,1,7.18,2,2081,52.99,1,99,4.75733,12
CASCOS AERONAVES,Veracruz,4.23,6,6.23,4,88,2.24,7,4,4.54545,13
CASCOS AERONAVES,San Luis Potosí,2.47,15,2.22,19,30,0.76,18,1,3.33333,14
CASCOS AERONAVES,Querétaro,2.45,16,1.95,20,31,0.79,17,1,3.22581,15
CASCOS AERONAVES,Chihuahua,3.8,9,2.96,11,38,0.97,14,1,2.63158,16
CASCOS AERONAVES,Sonora,3.52,10,2.35,18,67,1.71,11,1,1.49254,17
CASCOS AERONAVES,Oaxaca,1.79,18,3.31,10,146,3.72,5,2,1.36986,18
CASCOS AERONAVES,Baja California,3.88,7,2.91,12,359,9.14,2,1,0.27855,19
CASCOS AERONAVES,Quintana Roo,1.56,22,1.47,24,88,2.24,7,0,0,20
CASCOS AERONAVES,Campeche,1.69,20,0.73,30,88,2.24,7,0,0,20
CASCOS AERONAVES,Puebla,3.42,11,5.07,5,33,0.84,16,0,0,20
CASCOS AERONAVES,Tamaulipas,2.92,12,2.74,14,25,0.64,21,0,0,20
CASCOS AERONAVES,Durango,1.28,25,1.46,25,18,0.46,22,0,0,20
CASCOS AERONAVES,Michoacán,2.76,13,3.81,9,18,0.46,22,0,0,20
CASCOS AERONAVES,Aguascalientes,1.33,24,1.16,27,12,0.31,26,0,0,20
CASCOS AERONAVES,Colima,0.63,31,0.57,32,11,0.28,27,0,0,20
CASCOS AERONAVES,Hidalgo,1.76,19,2.5,16,7,0.18,28,0,0,20
CASCOS AERONAVES,Zacatecas,0.93,28,1.28,26,4,0.1,29,0,0,20
CASCOS AERONAVES,Morelos,1.05,27,1.53,23,4,0.1,29,0,0,20
CASCOS AERONAVES,Nayarit,0.68,30,0.96,29,4,0.1,29,0,0,20
CASCOS AERONAVES,Tlaxcala,0.59,32,1.14,28,2,0.05,32,0,0,20
CASCOS EMBARCACIONES,Hidalgo,1.76,19,2.5,16,6,0.04,30,14,233.33333,1
CASCOS EMBARCACIONES,Guerrero,1.28,25,2.77,13,149,1.08,15,61,40.9396,2
CASCOS EMBARCACIONES,Campeche,1.69,20,0.73,29,86,0.62,20,14,16.27907,3
CASCOS EMBARCACIONES,Oaxaca,1.79,18,3.31,10,105,0.76,17,17,16.19048,4
CASCOS EMBARCACIONES,Coahuila,3.83,8,2.57,15,35,0.25,26,5,14.28571,5
CASCOS EMBARCACIONES,Colima,0.63,31,0.57,31,46,0.33,24,5,10.86957,6
CASCOS EMBARCACIONES,Veracruz,4.23,6,6.23,4,359,2.61,10,30,8.35655,7
CASCOS EMBARCACIONES,Tamaulipas,2.92,12,2.74,14,102,0.74,18,7,6.86275,8
CASCOS EMBARCACIONES,Guanajuato,4.59,5,4.88,6,102,0.74,18,6,5.88235,9
CASCOS EMBARCACIONES,Puebla,3.42,11,5.07,5,257,1.87,12,12,4.66926,10
CASCOS EMBARCACIONES,Michoacán,2.76,13,3.81,9,53,0.38,23,2,3.77358,11
CASCOS EMBARCACIONES,Baja California,3.88,7,2.91,12,521,3.78,9,19,3.64683,12
CASCOS EMBARCACIONES,Querétaro,2.45,16,1.95,20,59,0.43,21,2,3.38983,13
CASCOS EMBARCACIONES,San Luis Potosí,2.47,15,2.22,19,37,0.27,25,1,2.7027,14
CASCOS EMBARCACIONES,Nuevo León,7.98,3,4.72,7,302,2.19,11,8,2.64901,15
CASCOS EMBARCACIONES,Baja California Sur,0.73,29,0.67,30,1750,12.71,3,33,1.88571,16
CASCOS EMBARCACIONES,Chihuahua,3.8,9,2.96,11,57,0.41,22,1,1.75439,17
CASCOS EMBARCACIONES,Yucatán,1.59,21,1.82,22,766,5.56,6,13,1.69713,18
CASCOS EMBARCACIONES,Tabasco,2.49,14,1.94,21,129,0.94,16,2,1.55039,19
CASCOS EMBARCACIONES,Sinaloa,2.19,17,2.38,17,796,5.78,5,12,1.50754,20
CASCOS EMBARCACIONES,Jalisco,7.43,4,6.7,3,1299,9.43,4,17,1.3087,21
CASCOS EMBARCACIONES,Sonora,3.52,10,2.35,18,730,5.3,7,9,1.23288,22
CASCOS EMBARCACIONES,Quintana Roo,1.56,22,1.47,24,2468,17.92,2,23,0.93193,23
CASCOS EMBARCACIONES,Ciudad de México,14.64,1,7.18,2,2540,18.45,1,19,0.74803,24
CASCOS EMBARCACIONES,Nayarit,0.68,30,0.96,28,561,4.07,8,4,0.71301,25
CASCOS EMBARCACIONES,Estado de México,8.98,2,13.61,1,157,1.14,14,1,0.63694,26
CASCOS EMBARCACIONES,Chiapas,1.52,23,4.46,8,233,1.69,13,0,0,27
CASCOS EMBARCACIONES,Morelos,1.05,27,1.53,23,23,0.17,27,0,0,27
CASCOS EMBARCACIONES,Aguascalientes,1.33,24,1.16,27,21,0.15,28,0,0,27
CASCOS EMBARCACIONES,Durango,1.28,25,1.46,25,18,0.13,29,0,0,27
CASCOS EMBARCACIONES,Zacatecas,0.93,28,1.28,26,3,0.02,31,0,0,27
CAUCIÓN,Yucatán,1.59,12,1.82,12,4,0.7,8,5,125,1
CAUCIÓN,Ciudad de México,14.64,1,7.18,2,457,79.9,1,143,31.29103,2
CAUCIÓN,San Luis Potosí,2.47,10,2.22,11,10,1.75,5,1,10,3
CAUCIÓN,Guanajuato,4.59,5,4.88,5,32,5.59,2,2,6.25,4
CAUCIÓN,Jalisco,7.43,4,6.7,3,24,4.2,3,0,0,5
CAUCIÓN,Puebla,3.42,9,5.07,4,24,4.2,3,0,0,5
CAUCIÓN,Nuevo León,7.98,3,4.72,6,9,1.57,6,0,0,5
CAUCIÓN,Sonora,3.52,8,2.35,10,5,0.87,7,0,0,5
CAUCIÓN,Chihuahua,3.8,7,2.96,7,2,0.35,9,0,0,5
CAUCIÓN,Coahuila,3.83,6,2.57,8,2,0.35,9,0,0,5
CAUCIÓN,Estado de México,8.98,2,13.61,1,2,0.35,9,0,0,5
CAUCIÓN,Sinaloa,2.19,11,2.38,9,1,0.17,12,0,0,5
CRÉDITO A LA VIVIENDA,Tabasco,2.49,14,1.94,21,2344,1.2,22,10,0.42662,1
CRÉDITO A LA VIVIENDA,Colima,0.63,31,0.57,32,1684,0.87,27,7,0.41568,2
CRÉDITO A LA VIVIENDA,Tamaulipas,2.92,12,2.74,14,5111,2.63,16,21,0.41088,3
CRÉDITO A LA VIVIENDA,Veracruz,4.23,6,6.23,4,7756,3.99,11,31,0.39969,4
CRÉDITO A LA VIVIENDA,Guerrero,1.28,25,2.77,13,2046,1.05,25,8,0.39101,5
CRÉDITO A LA VIVIENDA,Puebla,3.42,11,5.07,5,7975,4.1,10,28,0.3511,6
CRÉDITO A LA VIVIENDA,Quintana Roo,1.56,22,1.47,24,8073,4.15,8,27,0.33445,7
CRÉDITO A LA VIVIENDA,Morelos,1.05,27,1.53,23,2568,1.32,20,8,0.31153,8
CRÉDITO A LA VIVIENDA,Estado de México,8.98,2,13.61,1,15787,8.11,4,42,0.26604,9
CRÉDITO A LA VIVIENDA,Chiapas,1.52,23,4.46,8,1914,0.98,26,5,0.26123,10
CRÉDITO A LA VIVIENDA,Sinaloa,2.19,17,2.38,17,7478,3.84,12,17,0.22733,11
CRÉDITO A LA VIVIENDA,Querétaro,2.45,16,1.95,20,9919,5.1,6,20,0.20163,12
CRÉDITO A LA VIVIENDA,Hidalgo,1.76,19,2.5,16,2540,1.31,21,5,0.19685,13
CRÉDITO A LA VIVIENDA,Michoacán,2.76,13,3.81,9,4074,2.09,18,8,0.19637,14
CRÉDITO A LA VIVIENDA,Jalisco,7.43,4,6.7,3,17431,8.96,2,31,0.17784,15
CRÉDITO A LA VIVIENDA,Ciudad de México,14.64,1,7.18,2,18716,9.62,1,33,0.17632,16
CRÉDITO A LA VIVIENDA,Coahuila,3.83,8,2.57,15,5224,2.68,15,9,0.17228,17
CRÉDITO A LA VIVIENDA,Guanajuato,4.59,5,4.88,6,8417,4.33,7,13,0.15445,18
CRÉDITO A LA VIVIENDA,Nayarit,0.68,30,0.96,29,2083,1.07,24,3,0.14402,19
CRÉDITO A LA VIVIENDA,Baja California,3.88,7,2.91,12,11264,5.79,5,16,0.14205,20
CRÉDITO A LA VIVIENDA,Sonora,3.52,10,2.35,18,6168,3.17,13,8,0.1297,21
CRÉDITO A LA VIVIENDA,Baja California Sur,0.73,29,0.67,31,2318,1.19,23,3,0.12942,22
CRÉDITO A LA VIVIENDA,Yucatán,1.59,21,1.82,22,4772,2.45,17,6,0.12573,23
CRÉDITO A LA VIVIENDA,Nuevo León,7.98,3,4.72,7,16730,8.6,3,21,0.12552,24
CRÉDITO A LA VIVIENDA,San Luis Potosí,2.47,15,2.22,19,5567,2.86,14,5,0.08981,25
CRÉDITO A LA VIVIENDA,Campeche,1.69,20,0.73,30,1136,0.58,30,1,0.08803,26
CRÉDITO A LA VIVIENDA,Aguascalientes,1.33,24,1.16,27,3842,1.97,19,3,0.07808,27
CRÉDITO A LA VIVIENDA,Durango,1.28,25,1.46,25,1322,0.68,28,1,0.07564,28
CRÉDITO A LA VIVIENDA,Chihuahua,3.8,9,2.96,11,7993,4.11,9,4,0.05004,29
CRÉDITO A LA VIVIENDA,Oaxaca,1.79,18,3.31,10,1178,0.61,29,0,0,30
CRÉDITO A LA VIVIENDA,Zacatecas,0.93,28,1.28,26,662,0.34,31,0,0,30
CRÉDITO A LA VIVIENDA,Tlaxcala,0.59,32,1.14,28,517,0.27,32,0,0,30
DIVERSOS MISCELÁNEOS,Guerrero,1.28,25,2.77,13,56624,0.72,27,2526,4.46101,1
DIVERSOS MISCELÁNEOS,Nuevo León,7.98,3,4.72,7,620415,7.88,3,15293,2.46496,2
DIVERSOS MISCELÁNEOS,Campeche,1.69,20,0.73,30,24417,0.31,32,452,1.85117,3
DIVERSOS MISCELÁNEOS,Aguascalientes,1.33,24,1.16,27,73343,0.93,22,1334,1.81885,4
DIVERSOS MISCELÁNEOS,Tabasco,2.49,14,1.94,21,62993,0.8,23,1114,1.76845,5
DIVERSOS MISCELÁNEOS,Puebla,3.42,11,5.07,5,169171,2.15,9,2990,1.76744,6
DIVERSOS MISCELÁNEOS,Sinaloa,2.19,17,2.38,17,125434,1.59,14,2181,1.73876,7
DIVERSOS MISCELÁNEOS,Quintana Roo,1.56,22,1.47,24,117283,1.49,16,2035,1.73512,8
DIVERSOS MISCELÁNEOS,Ciudad de México,14.64,1,7.18,2,2525032,32.06,1,42262,1.67372,9
DIVERSOS MISCELÁNEOS,Jalisco,7.43,4,6.7,3,401768,5.1,4,6462,1.60839,10
DIVERSOS MISCELÁNEOS,Morelos,1.05,27,1.53,23,76071,0.97,21,1204,1.58273,11
DIVERSOS MISCELÁNEOS,Veracruz,4.23,6,6.23,4,206706,2.62,6,2889,1.39764,12
DIVERSOS MISCELÁNEOS,Tlaxcala,0.59,32,1.14,28,26281,0.33,31,360,1.36981,13
DIVERSOS MISCELÁNEOS,Guanajuato,4.59,5,4.88,6,197186,2.5,7,2686,1.36217,14
DIVERSOS MISCELÁNEOS,San Luis Potosí,2.47,15,2.22,19,86329,1.1,17,1171,1.35644,15
DIVERSOS MISCELÁNEOS,Hidalgo,1.76,19,2.5,16,79877,1.01,19,1054,1.31953,16
DIVERSOS MISCELÁNEOS,Querétaro,2.45,16,1.95,20,151586,1.92,12,1985,1.30949,17
DIVERSOS MISCELÁNEOS,Colima,0.63,31,0.57,32,35632,0.45,30,465,1.30501,18
DIVERSOS MISCELÁNEOS,Yucatán,1.59,21,1.82,22,83373,1.06,18,1086,1.30258,19
DIVERSOS MISCELÁNEOS,Sonora,3.52,10,2.35,18,168372,2.14,10,2178,1.29356,20
DIVERSOS MISCELÁNEOS,Chihuahua,3.8,9,2.96,11,192979,2.45,8,2358,1.22189,21
DIVERSOS MISCELÁNEOS,Baja California,3.88,7,2.91,12,242309,3.08,5,2890,1.19269,22
DIVERSOS MISCELÁNEOS,Durango,1.28,25,1.46,25,53935,0.68,28,620,1.14953,23
DIVERSOS MISCELÁNEOS,Chiapas,1.52,23,4.46,8,76723,0.97,20,877,1.14307,24
DIVERSOS MISCELÁNEOS,Michoacán,2.76,13,3.81,9,123925,1.57,15,1344,1.08453,25
DIVERSOS MISCELÁNEOS,Oaxaca,1.79,18,3.31,10,60006,0.76,25,630,1.0499,26
DIVERSOS MISCELÁNEOS,Coahuila,3.83,8,2.57,15,164065,2.08,11,1670,1.01789,27
DIVERSOS MISCELÁNEOS,Tamaulipas,2.92,12,2.74,14,136182,1.73,13,1271,0.93331,28
DIVERSOS MISCELÁNEOS,Nayarit,0.68,30,0.96,29,61500,0.78,24,555,0.90244,29
DIVERSOS MISCELÁNEOS,Baja California Sur,0.73,29,0.67,31,57417,0.73,26,473,0.8238,30
DIVERSOS MISCELÁNEOS,Estado de México,8.98,2,13.61,1,1369347,17.39,2,9856,0.71976,31
DIVERSOS MISCELÁNEOS,Zacatecas,0.93,28,1.28,26,50206,0.64,29,239,0.47604,32
DIVERSOS RAMOS TÉCNICOS,Aguascalientes,1.33,24,1.16,27,7349,0.89,27,833,11.33488,1
DIVERSOS RAMOS TÉCNICOS,Nuevo León,7.98,3,4.72,7,91249,11.06,2,6822,7.47625,2
DIVERSOS RAMOS TÉCNICOS,Durango,1.28,25,1.46,25,7394,0.9,26,492,6.65404,3
DIVERSOS RAMOS TÉCNICOS,Yucatán,1.59,21,1.82,22,15185,1.84,16,907,5.973,4
DIVERSOS RAMOS TÉCNICOS,Tabasco,2.49,14,1.94,21,7659,0.93,25,442,5.77099,5
DIVERSOS RAMOS TÉCNICOS,Guerrero,1.28,25,2.77,13,8001,0.97,23,410,5.12436,6
DIVERSOS RAMOS TÉCNICOS,Ciudad de México,14.64,1,7.18,2,171256,20.75,1,7890,4.60714,7
DIVERSOS RAMOS TÉCNICOS,Quintana Roo,1.56,22,1.47,24,15483,1.88,15,696,4.49525,8
DIVERSOS RAMOS TÉCNICOS,Colima,0.63,31,0.57,32,5809,0.7,29,258,4.44138,9
DIVERSOS RAMOS TÉCNICOS,Tamaulipas,2.92,12,2.74,14,14890,1.8,17,625,4.19745,10
DIVERSOS RAMOS TÉCNICOS,Campeche,1.69,20,0.73,30,2697,0.33,32,110,4.07861,11
DIVERSOS RAMOS TÉCNICOS,Coahuila,3.83,8,2.57,15,23655,2.87,10,944,3.9907,12
DIVERSOS RAMOS TÉCNICOS,Jalisco,7.43,4,6.7,3,66661,8.08,4,2537,3.80582,13
DIVERSOS RAMOS TÉCNICOS,Sonora,3.52,10,2.35,18,34174,4.14,6,1225,3.5846,14
DIVERSOS RAMOS TÉCNICOS,Veracruz,4.23,6,6.23,4,23352,2.83,11,836,3.57999,15
DIVERSOS RAMOS TÉCNICOS,Sinaloa,2.19,17,2.38,17,16949,2.05,14,542,3.19783,16
DIVERSOS RAMOS TÉCNICOS,Estado de México,8.98,2,13.61,1,78095,9.46,3,2448,3.13464,17
DIVERSOS RAMOS TÉCNICOS,Chiapas,1.52,23,4.46,8,8942,1.08,22,274,3.06419,18
DIVERSOS RAMOS TÉCNICOS,Guanajuato,4.59,5,4.88,6,27520,3.33,8,790,2.87064,19
DIVERSOS RAMOS TÉCNICOS,Querétaro,2.45,16,1.95,20,20942,2.54,12,530,2.5308,20
DIVERSOS RAMOS TÉCNICOS,Hidalgo,1.76,19,2.5,16,10361,1.26,20,262,2.52871,21
DIVERSOS RAMOS TÉCNICOS,San Luis Potosí,2.47,15,2.22,19,12879,1.56,18,320,2.48466,22
DIVERSOS RAMOS TÉCNICOS,Oaxaca,1.79,18,3.31,10,7025,0.85,28,174,2.47687,23
DIVERSOS RAMOS TÉCNICOS,Chihuahua,3.8,9,2.96,11,28664,3.47,7,685,2.38976,24
DIVERSOS RAMOS TÉCNICOS,Nayarit,0.68,30,0.96,29,7858,0.95,24,185,2.35429,25
DIVERSOS RAMOS TÉCNICOS,Tlaxcala,0.59,32,1.14,28,3418,0.41,31,76,2.22352,26
DIVERSOS RAMOS TÉCNICOS,Puebla,3.42,11,5.07,5,23878,2.89,9,515,2.1568,27
DIVERSOS RAMOS TÉCNICOS,Morelos,1.05,27,1.53,23,11702,1.42,19,243,2.07657,28
DIVERSOS RAMOS TÉCNICOS,Baja California,3.88,7,2.91,12,37396,4.53,5,754,2.01626,29
DIVERSOS RAMOS TÉCNICOS,Michoacán,2.76,13,3.81,9,20111,2.44,13,348,1.7304,30
DIVERSOS RAMOS TÉCNICOS,Baja California Sur,0.73,29,0.67,31,9011,1.09,21,152,1.68683,31
DIVERSOS RAMOS TÉCNICOS,Zacatecas,0.93,28,1.28,26,5750,0.7,30,68,1.18261,32
FENÓMENOS HIDROMETEOROLÓGICOS,Guerrero,1.28,25,2.77,13,22435,0.87,24,11765,52.44038,1
FENÓMENOS HIDROMETEOROLÓGICOS,Aguascalientes,1.33,24,1.16,27,21725,0.85,25,573,2.63751,2
FENÓMENOS HIDROMETEOROLÓGICOS,Baja California Sur,0.73,29,0.67,31,30174,1.17,20,733,2.42924,3
FENÓMENOS HIDROMETEOROLÓGICOS,Coahuila,3.83,8,2.57,15,64013,2.49,10,742,1.15914,4
FENÓMENOS HIDROMETEOROLÓGICOS,Sinaloa,2.19,17,2.38,17,50963,1.98,13,268,0.52587,5
FENÓMENOS HIDROMETEOROLÓGICOS,Querétaro,2.45,16,1.95,20,60786,2.36,12,315,0.51821,6
FENÓMENOS HIDROMETEOROLÓGICOS,Nayarit,0.68,30,0.96,29,20380,0.79,26,101,0.49558,7
FENÓMENOS HIDROMETEOROLÓGICOS,Baja California,3.88,7,2.91,12,106677,4.15,5,480,0.44996,8
FENÓMENOS HIDROMETEOROLÓGICOS,Tabasco,2.49,14,1.94,21,24834,0.97,23,97,0.39059,9
FENÓMENOS HIDROMETEOROLÓGICOS,Colima,0.63,31,0.57,32,16499,0.64,29,63,0.38184,10
FENÓMENOS HIDROMETEOROLÓGICOS,Tamaulipas,2.92,12,2.74,14,42958,1.67,16,157,0.36547,11
FENÓMENOS HIDROMETEOROLÓGICOS,Quintana Roo,1.56,22,1.47,24,46878,1.82,15,170,0.36264,12
FENÓMENOS HIDROMETEOROLÓGICOS,Hidalgo,1.76,19,2.5,16,31315,1.22,19,99,0.31614,13
FENÓMENOS HIDROMETEOROLÓGICOS,Veracruz,4.23,6,6.23,4,77070,3,7,235,0.30492,14
FENÓMENOS HIDROMETEOROLÓGICOS,Chiapas,1.52,23,4.46,8,25882,1.01,22,66,0.255,15
FENÓMENOS HIDROMETEOROLÓGICOS,Puebla,3.42,11,5.07,5,62994,2.45,11,158,0.25082,16
FENÓMENOS HIDROMETEOROLÓGICOS,Jalisco,7.43,4,6.7,3,181028,7.04,4,452,0.24969,17
FENÓMENOS HIDROMETEOROLÓGICOS,Nuevo León,7.98,3,4.72,7,407292,15.84,2,941,0.23104,18
FENÓMENOS HIDROMETEOROLÓGICOS,Morelos,1.05,27,1.53,23,27505,1.07,21,57,0.20724,19
FENÓMENOS HIDROMETEOROLÓGICOS,Chihuahua,3.8,9,2.96,11,73181,2.85,9,144,0.19677,20
FENÓMENOS HIDROMETEOROLÓGICOS,Sonora,3.52,10,2.35,18,74463,2.9,8,146,0.19607,21
FENÓMENOS HIDROMETEOROLÓGICOS,Yucatán,1.59,21,1.82,22,39442,1.53,17,76,0.19269,22
FENÓMENOS HIDROMETEOROLÓGICOS,Durango,1.28,25,1.46,25,18829,0.73,28,35,0.18588,23
FENÓMENOS HIDROMETEOROLÓGICOS,Oaxaca,1.79,18,3.31,10,19636,0.76,27,35,0.17824,24
FENÓMENOS HIDROMETEOROLÓGICOS,Estado de México,8.98,2,13.61,1,186523,7.26,3,312,0.16727,25
FENÓMENOS HIDROMETEOROLÓGICOS,Ciudad de México,14.64,1,7.18,2,632141,24.59,1,1008,0.15946,26
FENÓMENOS HIDROMETEOROLÓGICOS,Tlaxcala,0.59,32,1.14,28,9548,0.37,32,14,0.14663,27
FENÓMENOS HIDROMETEOROLÓGICOS,Campeche,1.69,20,0.73,30,10004,0.39,31,14,0.13994,28
FENÓMENOS HIDROMETEOROLÓGICOS,San Luis Potosí,2.47,15,2.22,19,38973,1.52,18,47,0.1206,29
FENÓMENOS HIDROMETEOROLÓGICOS,Guanajuato,4.59,5,4.88,6,82964,3.23,6,89,0.10728,30
FENÓMENOS HIDROMETEOROLÓGICOS,Michoacán,2.76,13,3.81,9,47360,1.84,14,36,0.07601,31
FENÓMENOS HIDROMETEOROLÓGICOS,Zacatecas,0.93,28,1.28,26,16277,0.63,30,4,0.02457,32
GASTOS MÉDICOS,Yucatán,1.59,21,1.82,22,155590,1.01,15,15348,9.86439,1
GASTOS MÉDICOS,Michoacán,2.76,13,3.81,9,85965,0.56,19,7281,8.46973,2
GASTOS MÉDICOS,Querétaro,2.45,16,1.95,20,390122,2.53,7,25741,6.59819,3
GASTOS MÉDICOS,Jalisco,7.43,4,6.7,3,976151,6.32,3,62204,6.37237,4
GASTOS MÉDICOS,Guanajuato,4.59,5,4.88,6,380341,2.46,9,22927,6.02801,5
GASTOS MÉDICOS,Puebla,3.42,11,5.07,5,288826,1.87,11,17116,5.92606,6
GASTOS MÉDICOS,Coahuila,3.83,8,2.57,15,366357,2.37,10,21435,5.85085,7
GASTOS MÉDICOS,Sonora,3.52,10,2.35,18,207232,1.34,13,10492,5.06292,8
GASTOS MÉDICOS,Nuevo León,7.98,3,4.72,7,1851490,11.99,2,89953,4.85841,9
GASTOS MÉDICOS,Tabasco,2.49,14,1.94,21,68538,0.44,22,3315,4.83673,10
GASTOS MÉDICOS,Baja California,3.88,7,2.91,12,382348,2.48,8,18394,4.8108,11
GASTOS MÉDICOS,Quintana Roo,1.56,22,1.47,24,123008,0.8,18,5571,4.52897,12
GASTOS MÉDICOS,Ciudad de México,14.64,1,7.18,2,6904765,44.72,1,307561,4.45433,13
GASTOS MÉDICOS,Guerrero,1.28,25,2.77,13,26073,0.17,30,1086,4.16523,14
GASTOS MÉDICOS,Tamaulipas,2.92,12,2.74,14,267916,1.74,12,10780,4.02365,15
GASTOS MÉDICOS,Estado de México,8.98,2,13.61,1,919126,5.95,4,36639,3.98629,16
GASTOS MÉDICOS,Sinaloa,2.19,17,2.38,17,147940,0.96,16,5630,3.8056,17
GASTOS MÉDICOS,Hidalgo,1.76,19,2.5,16,48728,0.32,25,1844,3.78427,18
GASTOS MÉDICOS,Colima,0.63,31,0.57,32,31770,0.21,28,1178,3.7079,19
GASTOS MÉDICOS,Zacatecas,0.93,28,1.28,26,23015,0.15,32,795,3.45427,20
GASTOS MÉDICOS,Morelos,1.05,27,1.53,23,75240,0.49,21,2590,3.44232,21
GASTOS MÉDICOS,Veracruz,4.23,6,6.23,4,141226,0.91,17,4790,3.39173,22
GASTOS MÉDICOS,Aguascalientes,1.33,24,1.16,27,187277,1.21,14,6267,3.34638,23
GASTOS MÉDICOS,Campeche,1.69,20,0.73,30,26539,0.17,29,845,3.18399,24
GASTOS MÉDICOS,Chihuahua,3.8,9,2.96,11,532930,3.45,5,16887,3.16871,25
GASTOS MÉDICOS,Baja California Sur,0.73,29,0.67,31,46157,0.3,26,1377,2.9833,26
GASTOS MÉDICOS,Durango,1.28,25,1.46,25,53963,0.35,24,1602,2.9687,27
GASTOS MÉDICOS,Nayarit,0.68,30,0.96,29,36570,0.24,27,1081,2.95597,28
GASTOS MÉDICOS,Tlaxcala,0.59,32,1.14,28,23776,0.15,31,616,2.59085,29
GASTOS MÉDICOS,San Luis Potosí,2.47,15,2.22,19,528423,3.42,6,12075,2.2851,30
GASTOS MÉDICOS,Chiapas,1.52,23,4.46,8,79105,0.51,20,1092,1.38044,31
GASTOS MÉDICOS,Oaxaca,1.79,18,3.31,10,64835,0.42,23,738,1.13827,32
INCENDIO,Aguascalientes,1.33,24,1.16,27,26389,0.91,25,581,2.20167,1
INCENDIO,Guerrero,1.28,25,2.77,13,30054,1.04,24,537,1.78678,2
INCENDIO,Ciudad de México,14.64,1,7.18,2,405905,14.06,2,4746,1.16924,3
INCENDIO,Querétaro,2.45,16,1.95,20,70621,2.45,13,713,1.00961,4
INCENDIO,Quintana Roo,1.56,22,1.47,24,56457,1.96,16,536,0.9494,5
INCENDIO,Coahuila,3.83,8,2.57,15,77462,2.68,11,728,0.93982,6
INCENDIO,Sonora,3.52,10,2.35,18,92067,3.19,8,825,0.89609,7
INCENDIO,Yucatán,1.59,21,1.82,22,50955,1.77,17,442,0.86743,8
INCENDIO,Chihuahua,3.8,9,2.96,11,88955,3.08,9,749,0.842,9
INCENDIO,Nuevo León,7.98,3,4.72,7,440959,15.28,1,3588,0.81368,10
INCENDIO,Durango,1.28,25,1.46,25,22312,0.77,28,144,0.64539,11
INCENDIO,Nayarit,0.68,30,0.96,29,23936,0.83,27,146,0.60996,12
INCENDIO,Tabasco,2.49,14,1.94,21,31798,1.1,23,191,0.60067,13
INCENDIO,Morelos,1.05,27,1.53,23,35894,1.24,20,212,0.59063,14
INCENDIO,Hidalgo,1.76,19,2.5,16,36460,1.26,19,210,0.57597,15
INCENDIO,Jalisco,7.43,4,6.7,3,216577,7.5,5,1223,0.5647,16
INCENDIO,Tamaulipas,2.92,12,2.74,14,57100,1.98,15,303,0.53065,17
INCENDIO,Estado de México,8.98,2,13.61,1,235071,8.14,4,1182,0.50283,18
INCENDIO,Sinaloa,2.19,17,2.38,17,71142,2.46,12,357,0.50181,19
INCENDIO,Oaxaca,1.79,18,3.31,10,25902,0.9,26,126,0.48645,20
INCENDIO,Baja California Sur,0.73,29,0.67,31,34428,1.19,21,166,0.48217,21
INCENDIO,Chiapas,1.52,23,4.46,8,33145,1.15,22,146,0.44049,22
INCENDIO,Tlaxcala,0.59,32,1.14,28,11188,0.39,32,48,0.42903,23
INCENDIO,Veracruz,4.23,6,6.23,4,103480,3.59,6,438,0.42327,24
INCENDIO,Guanajuato,4.59,5,4.88,6,100386,3.48,7,423,0.42137,25
INCENDIO,Puebla,3.42,11,5.07,5,79784,2.76,10,316,0.39607,26
INCENDIO,Colima,0.63,31,0.57,32,20197,0.7,29,77,0.38124,27
INCENDIO,San Luis Potosí,2.47,15,2.22,19,46787,1.62,18,173,0.36976,28
INCENDIO,Baja California,3.88,7,2.91,12,271627,9.41,3,963,0.35453,29
INCENDIO,Campeche,1.69,20,0.73,30,12152,0.42,31,31,0.2551,30
INCENDIO,Michoacán,2.76,13,3.81,9,58994,2.04,14,140,0.23731,31
INCENDIO,Zacatecas,0.93,28,1.28,26,18203,0.63,30,37,0.20326,32
PECUARIO,Puebla,3.42,11,5.07,5,9,0.36,28,56,622.22222,1
PECUARIO,Estado de México,8.98,2,13.61,1,5,0.2,30,22,440,2
PECUARIO,Ciudad de México,14.64,1,7.18,2,26,1.04,22,45,173.07692,3
PECUARIO,Guerrero,1.28,25,2.77,13,14,0.56,26,22,157.14286,4
PECUARIO,Morelos,1.05,27,1.53,23,9,0.36,28,10,111.11111,5
PECUARIO,Quintana Roo,1.56,22,1.47,24,5,0.2,30,5,100,6
PECUARIO,Baja California,3.88,7,2.91,12,14,0.56,26,14,100,6
PECUARIO,Campeche,1.69,20,0.73,30,106,4.23,11,61,57.54717,8
PECUARIO,Colima,0.63,31,0.57,32,2,0.08,32,1,50,9
PECUARIO,Michoacán,2.76,13,3.81,9,124,4.95,8,55,44.35484,10
PECUARIO,Zacatecas,0.93,28,1.28,26,31,1.24,21,13,41.93548,11
PECUARIO,Durango,1.28,25,1.46,25,24,0.96,23,10,41.66667,12
PECUARIO,Oaxaca,1.79,18,3.31,10,182,7.26,5,73,40.10989,13
PECUARIO,Yucatán,1.59,21,1.82,22,230,9.17,1,92,40,14
PECUARIO,Chiapas,1.52,23,4.46,8,111,4.43,10,38,34.23423,15
PECUARIO,Querétaro,2.45,16,1.95,20,212,8.46,3,68,32.07547,16
PECUARIO,Sinaloa,2.19,17,2.38,17,99,3.95,12,31,31.31313,17
PECUARIO,Jalisco,7.43,4,6.7,3,55,2.19,16,15,27.27273,18
PECUARIO,Tabasco,2.49,14,1.94,21,56,2.23,15,14,25,19
PECUARIO,Hidalgo,1.76,19,2.5,16,190,7.58,4,47,24.73684,20
PECUARIO,Veracruz,4.23,6,6.23,4,120,4.79,9,28,23.33333,21
PECUARIO,Sonora,3.52,10,2.35,18,226,9.01,2,42,18.58407,22
PECUARIO,Tlaxcala,0.59,32,1.14,28,33,1.32,20,6,18.18182,23
PECUARIO,San Luis Potosí,2.47,15,2.22,19,44,1.76,17,7,15.90909,24
PECUARIO,Guanajuato,4.59,5,4.88,6,38,1.52,18,6,15.78947,25
PECUARIO,Tamaulipas,2.92,12,2.74,14,19,0.76,25,3,15.78947,25
PECUARIO,Nayarit,0.68,30,0.96,29,175,6.98,6,26,14.85714,27
PECUARIO,Chihuahua,3.8,9,2.96,11,84,3.35,13,4,4.7619,28
PECUARIO,Baja California Sur,0.73,29,0.67,31,21,0.84,24,1,4.7619,28
PECUARIO,Coahuila,3.83,8,2.57,15,141,5.62,7,6,4.25532,30
PECUARIO,Nuevo León,7.98,3,4.72,7,37,1.48,19,1,2.7027,31
PECUARIO,Aguascalientes,1.33,24,1.16,27,65,2.59,14,1,1.53846,32
PENSIONES,Ciudad de México,14.64,1,7.18,2,70586,8.41,2,193556,274.21302,1
PENSIONES,Estado de México,8.98,2,13.61,1,93169,11.1,1,225512,242.04617,2
PENSIONES,Baja California,3.88,7,2.91,12,34440,4.1,9,81848,237.65389,3
PENSIONES,San Luis Potosí,2.47,15,2.22,19,18939,2.26,15,44920,237.18253,4
PENSIONES,Morelos,1.05,27,1.53,23,11132,1.33,26,26359,236.78584,5
PENSIONES,Nuevo León,7.98,3,4.72,7,44679,5.32,5,105548,236.23626,6
PENSIONES,Campeche,1.69,20,0.73,30,5803,0.69,32,13680,235.74013,7
PENSIONES,Colima,0.63,31,0.57,32,6353,0.76,31,14911,234.70801,8
PENSIONES,Tamaulipas,2.92,12,2.74,14,32226,3.84,10,75421,234.03773,9
PENSIONES,Yucatán,1.59,21,1.82,22,13067,1.56,19,30514,233.51955,10
PENSIONES,Querétaro,2.45,16,1.95,20,17726,2.11,16,40688,229.53853,11
PENSIONES,Puebla,3.42,11,5.07,5,26121,3.11,14,58766,224.97607,12
PENSIONES,Veracruz,4.23,6,6.23,4,42795,5.1,7,96044,224.42809,13
PENSIONES,Oaxaca,1.79,18,3.31,10,10717,1.28,27,23957,223.54204,14
PENSIONES,Hidalgo,1.76,19,2.5,16,15706,1.87,18,34863,221.97249,15
PENSIONES,Quintana Roo,1.56,22,1.47,24,11187,1.33,25,24695,220.7473,16
PENSIONES,Baja California Sur,0.73,29,0.67,31,6973,0.83,29,15271,219.00186,17
PENSIONES,Sonora,3.52,10,2.35,18,29534,3.52,11,64402,218.06054,18
PENSIONES,Jalisco,7.43,4,6.7,3,68104,8.12,3,148361,217.84477,19
PENSIONES,Chihuahua,3.8,9,2.96,11,43164,5.14,6,93306,216.16625,20
PENSIONES,Guanajuato,4.59,5,4.88,6,50110,5.97,4,108117,215.75933,21
PENSIONES,Coahuila,3.83,8,2.57,15,38099,4.54,8,81388,213.6224,22
PENSIONES,Sinaloa,2.19,17,2.38,17,29472,3.51,12,62590,212.37106,23
PENSIONES,Guerrero,1.28,25,2.77,13,12179,1.45,21,25765,211.55267,24
PENSIONES,Aguascalientes,1.33,24,1.16,27,12161,1.45,22,25303,208.06677,25
PENSIONES,Tabasco,2.49,14,1.94,21,11342,1.35,24,23424,206.52442,26
PENSIONES,Durango,1.28,25,1.46,25,16255,1.94,17,33304,204.88465,27
PENSIONES,Nayarit,0.68,30,0.96,29,7984,0.95,28,16325,204.47144,28
PENSIONES,Zacatecas,0.93,28,1.28,26,11986,1.43,23,24406,203.62089,29
PENSIONES,Tlaxcala,0.59,32,1.14,28,6770,0.81,30,13731,202.82127,30
PENSIONES,Chiapas,1.52,23,4.46,8,12537,1.49,20,24895,198.57223,31
PENSIONES,Michoacán,2.76,13,3.81,9,27908,3.33,13,55280,198.0794,32
RESPONSABILIDAD CIVIL,Nayarit,0.68,30,0.96,29,38880,0.95,23,2038,5.24177,1
RESPONSABILIDAD CIVIL,Ciudad de México,14.64,1,7.18,2,673067,16.51,1,20056,2.97979,2
RESPONSABILIDAD CIVIL,Estado de México,8.98,2,13.61,1,278824,6.84,4,8111,2.909,3
RESPONSABILIDAD CIVIL,Sinaloa,2.19,17,2.38,17,144032,3.53,9,3823,2.65427,4
RESPONSABILIDAD CIVIL,Guerrero,1.28,25,2.77,13,30760,0.75,29,633,2.05787,5
RESPONSABILIDAD CIVIL,Coahuila,3.83,8,2.57,15,126350,3.1,11,1610,1.27424,6
RESPONSABILIDAD CIVIL,Nuevo León,7.98,3,4.72,7,431658,10.59,3,4636,1.074,7
RESPONSABILIDAD CIVIL,Quintana Roo,1.56,22,1.47,24,151543,3.72,7,1627,1.07362,8
RESPONSABILIDAD CIVIL,Oaxaca,1.79,18,3.31,10,32297,0.79,27,339,1.04963,9
RESPONSABILIDAD CIVIL,Baja California,3.88,7,2.91,12,143197,3.51,10,1436,1.00281,10
RESPONSABILIDAD CIVIL,Morelos,1.05,27,1.53,23,43934,1.08,21,414,0.94232,11
RESPONSABILIDAD CIVIL,Jalisco,7.43,4,6.7,3,443144,10.87,2,4119,0.92949,12
RESPONSABILIDAD CIVIL,Tabasco,2.49,14,1.94,21,35852,0.88,26,319,0.88977,13
RESPONSABILIDAD CIVIL,Puebla,3.42,11,5.07,5,123369,3.03,12,1063,0.86164,14
RESPONSABILIDAD CIVIL,Tamaulipas,2.92,12,2.74,14,112854,2.77,14,972,0.86129,15
RESPONSABILIDAD CIVIL,Querétaro,2.45,16,1.95,20,103180,2.53,15,879,0.85191,16
RESPONSABILIDAD CIVIL,Campeche,1.69,20,0.73,30,13189,0.32,32,109,0.82645,17
RESPONSABILIDAD CIVIL,Sonora,3.52,10,2.35,18,113046,2.77,13,891,0.78817,18
RESPONSABILIDAD CIVIL,Hidalgo,1.76,19,2.5,16,52331,1.28,20,407,0.77774,19
RESPONSABILIDAD CIVIL,Chihuahua,3.8,9,2.96,11,148389,3.64,8,1079,0.72714,20
RESPONSABILIDAD CIVIL,Veracruz,4.23,6,6.23,4,153640,3.77,6,1009,0.65673,21
RESPONSABILIDAD CIVIL,Baja California Sur,0.73,29,0.67,31,42681,1.05,22,273,0.63963,22
RESPONSABILIDAD CIVIL,Tlaxcala,0.59,32,1.14,28,15779,0.39,31,97,0.61474,23
RESPONSABILIDAD CIVIL,Yucatán,1.59,21,1.82,22,81354,2,17,488,0.59985,24
RESPONSABILIDAD CIVIL,San Luis Potosí,2.47,15,2.22,19,79974,1.96,18,454,0.56768,25
RESPONSABILIDAD CIVIL,Colima,0.63,31,0.57,32,30941,0.76,28,164,0.53004,26
RESPONSABILIDAD CIVIL,Aguascalientes,1.33,24,1.16,27,67070,1.65,19,350,0.52184,27
RESPONSABILIDAD CIVIL,Guanajuato,4.59,5,4.88,6,177129,4.35,5,876,0.49455,28
RESPONSABILIDAD CIVIL,Chiapas,1.52,23,4.46,8,38346,0.94,24,189,0.49288,29
RESPONSABILIDAD CIVIL,Durango,1.28,25,1.46,25,38198,0.94,25,175,0.45814,30
RESPONSABILIDAD CIVIL,Michoacán,2.76,13,3.81,9,84616,2.08,16,275,0.325,31
RESPONSABILIDAD CIVIL,Zacatecas,0.93,28,1.28,26,26085,0.64,30,37,0.14184,32
SALUD,Campeche,1.69,20,0.73,30,7632,0.13,27,9105,119.30031,1
SALUD,Sonora,3.52,10,2.35,18,71671,1.21,8,51559,71.93844,2
SALUD,Baja California,3.88,7,2.91,12,111690,1.88,5,73131,65.47677,3
SALUD,Oaxaca,1.79,18,3.31,10,5545,0.09,29,2825,50.9468,4
SALUD,Tabasco,2.49,14,1.94,21,23149,0.39,18,10627,45.90695,5
SALUD,Estado de México,8.98,2,13.61,1,110180,1.85,6,49760,45.16246,6
SALUD,Tlaxcala,0.59,32,1.14,28,2395,0.04,32,976,40.75157,7
SALUD,Aguascalientes,1.33,24,1.16,27,17515,0.29,20,6941,39.62889,8
SALUD,Michoacán,2.76,13,3.81,9,18999,0.32,19,7469,39.3126,9
SALUD,Hidalgo,1.76,19,2.5,16,8676,0.15,25,3170,36.53757,10
SALUD,Sinaloa,2.19,17,2.38,17,40658,0.68,12,14310,35.19603,11
SALUD,Nuevo León,7.98,3,4.72,7,249146,4.19,2,86294,34.63592,12
SALUD,Puebla,3.42,11,5.07,5,39635,0.67,13,11761,29.67327,13
SALUD,Veracruz,4.23,6,6.23,4,27922,0.47,16,8083,28.9485,14
SALUD,Chiapas,1.52,23,4.46,8,11770,0.2,22,3292,27.96941,15
SALUD,Nayarit,0.68,30,0.96,29,7851,0.13,26,2175,27.70348,16
SALUD,Guerrero,1.28,25,2.77,13,4340,0.07,30,1178,27.14286,17
SALUD,Colima,0.63,31,0.57,32,6201,0.1,28,1535,24.75407,18
SALUD,Guanajuato,4.59,5,4.88,6,53058,0.89,10,12568,23.68729,19
SALUD,Morelos,1.05,27,1.53,23,13963,0.23,21,3244,23.23283,20
SALUD,Yucatán,1.59,21,1.82,22,35083,0.59,14,7908,22.54083,21
SALUD,Jalisco,7.43,4,6.7,3,172905,2.91,3,38359,22.18501,22
SALUD,Quintana Roo,1.56,22,1.47,24,23961,0.4,17,4906,20.47494,23
SALUD,Zacatecas,0.93,28,1.28,26,3472,0.06,31,679,19.55645,24
SALUD,Coahuila,3.83,8,2.57,15,62505,1.05,9,11538,18.45932,25
SALUD,Baja California Sur,0.73,29,0.67,31,9382,0.16,24,1667,17.76807,26
SALUD,Querétaro,2.45,16,1.95,20,73644,1.24,7,12789,17.36598,27
SALUD,San Luis Potosí,2.47,15,2.22,19,32826,0.55,15,4483,13.65686,28
SALUD,Chihuahua,3.8,9,2.96,11,118666,2,4,15472,13.03828,29
SALUD,Tamaulipas,2.92,12,2.74,14,52255,0.88,11,6594,12.61889,30
SALUD,Durango,1.28,25,1.46,25,11378,0.19,23,1189,10.44999,31
SALUD,Ciudad de México,14.64,1,7.18,2,4517125,75.98,1,455028,10.0734,32
TERREMOTO,Chiapas,1.52,23,4.46,8,20279,1.22,21,157,0.7742,1
TERREMOTO,Tlaxcala,0.59,32,1.14,28,6360,0.38,32,40,0.62893,2
TERREMOTO,Tabasco,2.49,14,1.94,21,19608,1.18,23,119,0.6069,3
TERREMOTO,Oaxaca,1.79,18,3.31,10,14469,0.87,27,81,0.55982,4
TERREMOTO,Veracruz,4.23,6,6.23,4,54078,3.26,6,257,0.47524,5
TERREMOTO,Guerrero,1.28,25,2.77,13,18274,1.1,24,86,0.47061,6
TERREMOTO,Morelos,1.05,27,1.53,23,23640,1.42,18,104,0.43993,7
TERREMOTO,Nayarit,0.68,30,0.96,29,15182,0.91,25,62,0.40838,8
TERREMOTO,Colima,0.63,31,0.57,32,13957,0.84,28,46,0.32958,9
TERREMOTO,Sonora,3.52,10,2.35,18,40058,2.41,10,78,0.19472,10
TERREMOTO,Aguascalientes,1.33,24,1.16,27,15054,0.91,26,28,0.186,11
TERREMOTO,Hidalgo,1.76,19,2.5,16,22055,1.33,20,41,0.1859,12
TERREMOTO,Tamaulipas,2.92,12,2.74,14,24886,1.5,17,46,0.18484,13
TERREMOTO,Quintana Roo,1.56,22,1.47,24,30576,1.84,15,39,0.12755,14
TERREMOTO,Puebla,3.42,11,5.07,5,51168,3.08,8,54,0.10553,15
TERREMOTO,Estado de México,8.98,2,13.61,1,154742,9.32,2,154,0.09952,16
TERREMOTO,Ciudad de México,14.64,1,7.18,2,462953,27.87,1,412,0.08899,17
TERREMOTO,Baja California,3.88,7,2.91,12,73736,4.44,5,55,0.07459,18
TERREMOTO,Coahuila,3.83,8,2.57,15,35232,2.12,13,24,0.06812,19
TERREMOTO,Jalisco,7.43,4,6.7,3,133947,8.06,3,83,0.06196,20
TERREMOTO,Michoacán,2.76,13,3.81,9,30929,1.86,14,18,0.0582,21
TERREMOTO,Durango,1.28,25,1.46,25,10636,0.64,29,6,0.05641,22
TERREMOTO,Baja California Sur,0.73,29,0.67,31,19698,1.19,22,11,0.05584,23
TERREMOTO,Sinaloa,2.19,17,2.38,17,35997,2.17,12,19,0.05278,24
TERREMOTO,Guanajuato,4.59,5,4.88,6,51870,3.12,7,27,0.05205,25
TERREMOTO,San Luis Potosí,2.47,15,2.22,19,26422,1.59,16,13,0.0492,26
TERREMOTO,Campeche,1.69,20,0.73,30,6550,0.39,31,3,0.0458,27
TERREMOTO,Querétaro,2.45,16,1.95,20,37981,2.29,11,17,0.04476,28
TERREMOTO,Chihuahua,3.8,9,2.96,11,48063,2.89,9,20,0.04161,29
TERREMOTO,Yucatán,1.59,21,1.82,22,22389,1.35,19,7,0.03127,30
TERREMOTO,Nuevo León,7.98,3,4.72,7,130603,7.86,4,36,0.02756,31
TERREMOTO,Zacatecas,0.93,28,1.28,26,9479,0.57,30,2,0.0211,32
TRANSPORTES DE MERCANCÍAS,Aguascalientes,1.33,24,1.16,27,204,1.05,18,1334,653.92157,1
TRANSPORTES DE MERCANCÍAS,Colima,0.63,31,0.57,32,53,0.27,27,148,279.24528,2
TRANSPORTES DE MERCANCÍAS,Oaxaca,1.79,18,3.31,10,68,0.35,25,145,213.23529,3
TRANSPORTES DE MERCANCÍAS,Tamaulipas,2.92,12,2.74,14,248,1.28,17,475,191.53226,4
TRANSPORTES DE MERCANCÍAS,Sonora,3.52,10,2.35,18,275,1.42,14,510,185.45455,5
TRANSPORTES DE MERCANCÍAS,Puebla,3.42,11,5.07,5,578,2.97,7,1036,179.23875,6
TRANSPORTES DE MERCANCÍAS,Campeche,1.69,20,0.73,30,18,0.09,32,32,177.77778,7
TRANSPORTES DE MERCANCÍAS,Tlaxcala,0.59,32,1.14,28,43,0.22,30,73,169.76744,8
TRANSPORTES DE MERCANCÍAS,Guerrero,1.28,25,2.77,13,47,0.24,28,77,163.82979,9
TRANSPORTES DE MERCANCÍAS,San Luis Potosí,2.47,15,2.22,19,265,1.36,15,414,156.22642,10
TRANSPORTES DE MERCANCÍAS,Jalisco,7.43,4,6.7,3,1692,8.71,4,2535,149.8227,11
TRANSPORTES DE MERCANCÍAS,Nayarit,0.68,30,0.96,29,29,0.15,31,42,144.82759,12
TRANSPORTES DE MERCANCÍAS,Zacatecas,0.93,28,1.28,26,46,0.24,29,66,143.47826,13
TRANSPORTES DE MERCANCÍAS,Querétaro,2.45,16,1.95,20,784,4.03,6,1110,141.58163,14
TRANSPORTES DE MERCANCÍAS,Hidalgo,1.76,19,2.5,16,161,0.83,20,213,132.29814,15
TRANSPORTES DE MERCANCÍAS,Veracruz,4.23,6,6.23,4,540,2.78,9,654,121.11111,16
TRANSPORTES DE MERCANCÍAS,Tabasco,2.49,14,1.94,21,69,0.36,24,77,111.5942,17
TRANSPORTES DE MERCANCÍAS,Ciudad de México,14.64,1,7.18,2,6200,31.91,1,6673,107.62903,18
TRANSPORTES DE MERCANCÍAS,Nuevo León,7.98,3,4.72,7,1965,10.11,3,1935,98.47328,19
TRANSPORTES DE MERCANCÍAS,Baja California,3.88,7,2.91,12,257,1.32,16,236,91.82879,20
TRANSPORTES DE MERCANCÍAS,Michoacán,2.76,13,3.81,9,374,1.92,11,333,89.03743,21
TRANSPORTES DE MERCANCÍAS,Estado de México,8.98,2,13.61,1,2268,11.67,2,1793,79.05644,22
TRANSPORTES DE MERCANCÍAS,Guanajuato,4.59,5,4.88,6,1009,5.19,5,778,77.10605,23
TRANSPORTES DE MERCANCÍAS,Sinaloa,2.19,17,2.38,17,313,1.61,12,240,76.67732,24
TRANSPORTES DE MERCANCÍAS,Coahuila,3.83,8,2.57,15,420,2.16,10,318,75.71429,25
TRANSPORTES DE MERCANCÍAS,Chiapas,1.52,23,4.46,8,144,0.74,21,98,68.05556,26
TRANSPORTES DE MERCANCÍAS,Morelos,1.05,27,1.53,23,117,0.6,23,70,59.82906,27
TRANSPORTES DE MERCANCÍAS,Durango,1.28,25,1.46,25,170,0.87,19,99,58.23529,28
TRANSPORTES DE MERCANCÍAS,Baja California Sur,0.73,29,0.67,31,61,0.31,26,29,47.54098,29
TRANSPORTES DE MERCANCÍAS,Quintana Roo,1.56,22,1.47,24,135,0.69,22,63,46.66667,30
TRANSPORTES DE MERCANCÍAS,Chihuahua,3.8,9,2.96,11,578,2.97,7,244,42.21453,31
TRANSPORTES DE MERCANCÍAS,Yucatán,1.59,21,1.82,22,299,1.54,13,114,38.12709,32
VIDA,Querétaro,2.45,16,1.95,20,1279616,1.43,11,15298,1.19551,1
VIDA,Veracruz,4.23,6,6.23,4,1905816,2.13,8,22574,1.18448,2
VIDA,Tlaxcala,0.59,32,1.14,28,312415,0.35,30,3596,1.15103,3
VIDA,Guerrero,1.28,25,2.77,13,538091,0.6,26,5769,1.07212,4
VIDA,Tabasco,2.49,14,1.94,21,605677,0.68,23,6424,1.06063,5
VIDA,Chiapas,1.52,23,4.46,8,820882,0.92,17,8159,0.99393,6
VIDA,Morelos,1.05,27,1.53,23,621097,0.69,22,5312,0.85526,7
VIDA,Oaxaca,1.79,18,3.31,10,743324,0.83,19,6040,0.81257,8
VIDA,Campeche,1.69,20,0.73,30,292992,0.33,32,2179,0.74371,9
VIDA,Tamaulipas,2.92,12,2.74,14,1178285,1.32,13,8662,0.73514,10
VIDA,Yucatán,1.59,21,1.82,22,661175,0.74,21,4762,0.72023,11
VIDA,Michoacán,2.76,13,3.81,9,1551875,1.73,10,11133,0.71739,12
VIDA,Estado de México,8.98,2,13.61,1,4748890,5.31,3,33395,0.70322,13
VIDA,Coahuila,3.83,8,2.57,15,1165588,1.3,14,8133,0.69776,14
VIDA,Sonora,3.52,10,2.35,18,980617,1.1,15,6671,0.68029,15
VIDA,Nayarit,0.68,30,0.96,29,417920,0.47,27,2809,0.67214,16
VIDA,Zacatecas,0.93,28,1.28,26,388307,0.43,29,2549,0.65644,17
VIDA,Hidalgo,1.76,19,2.5,16,804183,0.9,18,5145,0.63978,18
VIDA,Baja California Sur,0.73,29,0.67,31,309265,0.35,31,1826,0.59043,19
VIDA,Colima,0.63,31,0.57,32,407717,0.46,28,2287,0.56093,20
VIDA,Durango,1.28,25,1.46,25,732206,0.82,20,3954,0.54001,21
VIDA,Puebla,3.42,11,5.07,5,1910437,2.14,7,10001,0.52349,22
VIDA,Quintana Roo,1.56,22,1.47,24,582961,0.65,24,2977,0.51067,23
VIDA,Guanajuato,4.59,5,4.88,6,2311976,2.58,6,11554,0.49975,24
VIDA,Baja California,3.88,7,2.91,12,1207689,1.35,12,5937,0.4916,25
VIDA,Aguascalientes,1.33,24,1.16,27,539548,0.6,25,2626,0.4867,26
VIDA,San Luis Potosí,2.47,15,2.22,19,956840,1.07,16,4510,0.47134,27
VIDA,Chihuahua,3.8,9,2.96,11,1658275,1.85,9,7348,0.44311,28
VIDA,Jalisco,7.43,4,6.7,3,3533783,3.95,5,13413,0.37956,29
VIDA,Nuevo León,7.98,3,4.72,7,7298216,8.16,2,12659,0.17345,30
VIDA,Sinaloa,2.19,17,2.38,17,4622479,5.17,4,7305,0.15803,31
VIDA,Ciudad de México,14.64,1,7.18,2,44369076,49.6,1,57221,0.12897,32